Id,Label,indegree,outdegree,Degree,closnesscentrality,betweenesscentrality,Authority,Hub,eigencentrality
0,7626E8FB,7,1,8,0.333333,3.233333,0.012411,0.000562,0.057556
1,6F203BE4,5,2,7,0.666667,3.5,0.051564,0.086368,0.031361
2,797F0A61,6,3,9,0.714286,13.25,0.008211,0.004592,0.206249
3,81377673,0,1,1,1,0,0,0,0
4,7B983BB6,3,2,5,0.666667,6,0.000457,0.004735,0.013842
5,7FA641AD,1,1,2,1,1,0,0,0.003857
6,7813C834,0,4,4,0.642857,0,0,0.014062,0
7,7CA0B018,0,4,4,0.625,0,0,0.005912,0
8,7D6C25AF,0,1,1,1,0,0,0.006304,0
9,7586E297,0,5,5,1,0,0,0,0
10,5DA61FA9,0,2,2,1,0,0,0,0
11,7967A22D,0,1,1,1,0,0,0,0
12,785C661C,0,1,1,1,0,0,0,0
13,7BCA7DFD,0,4,4,0.342593,0,0,0.000889,0
14,7CCADC40,0,1,1,1,0,0,0,0
15,7C10BC3C,1,0,1,0,0,0,0,0.003857
16,7DDDA82E,1,0,1,0,0,0.000583,0,0.003857
17,59E74B4B,0,1,1,1,0,0,0,0
18,5869598C,1,0,1,0,0,0,0,0.003857
19,7D313BC0,0,1,1,1,0,0,0,0
20,78C76C24,1,5,6,0.432432,6.75,0,0,0.003857
21,7C02017B,0,1,1,1,0,0,0,0
22,7741D658,1,5,6,1,1.833333,0.001345,0.021385,0.003857
23,5952F0DF,2,3,5,0.48,61.666667,0.008375,0.002296,0.019035
24,7DADC4BD,0,1,1,0.666667,0,0,0.077538,0
25,7817ED1B,9,2,11,0.368421,24.775,0.014455,0.008201,0.066218
26,7AB0AE31,0,8,8,0.785714,0,0,0,0
27,7559C176,5,1,6,1,58,0.021656,0.000769,0.129522
28,7CBD7581,1,0,1,0,0,0,0,0.003857
29,79D63C8A,0,2,2,1,0,0,0,0
30,7D75441D,1,2,3,0.538462,0,0.00866,0.08632,0.008429
31,80C7DFA4,1,0,1,0,0,0,0,0.003857
32,7BFA239F,0,3,3,0.424242,0,0,0.01212,0
33,7A2BCE5D,0,1,1,1,0,0,0,0
34,7FE9FC1B,1,0,1,0,0,0.001485,0,0.008399
35,0EAE4FF1,0,2,2,1,0,0,0,0
36,7DD7EE56,4,4,8,0.590909,66.333333,0.012861,0.013248,0.026495
37,76BBDBD7,1,0,1,0,0,0,0,0.003857
38,7963FD9E,0,5,5,0.485714,0,0,0,0
39,5B0CE6CD,1,0,1,0,0,0.007516,0,0.003857
40,7F966B0E,1,1,2,0.6,1.5,0,0.004655,0.003857
41,78897BCB,1,0,1,0,0,0,0,0.01067
42,761C0EE8,0,6,6,0.392405,0,0,0.022244,0
43,7C7131BE,2,2,4,1,8,0,0,0.012256
44,7A00E96A,2,0,2,0,0,0.002024,0,0.009985
45,7AF0FAC7,1,3,4,0.714286,0.666667,0,0,0.00906
46,6CB1DABA,2,0,2,0,0,0.000978,0,0.015281
47,7CC94E48,1,0,1,0,0,0,0,0.003857
48,7880EDE1,2,1,3,1,5,0,0,0.01651
49,802B9AFE,20,4,24,1,44.35,0.023774,0.018518,0.301497
50,0042BA47,0,4,4,0.52381,0,0,0.00701,0
51,7FCD4BAC,0,2,2,0.466667,0,0,0.005804,0
52,7A739073,1,1,2,0.555556,0.25,0.001826,0.002146,0.003857
53,76583BDC,1,2,3,0.666667,6,0,0,0.006128
54,76239220,1,1,2,0.6,1.5,0,0.004655,0.003857
55,7A907D08,1,2,3,1,1,0,0,0.003857
56,791930E7,3,0,3,0,0,0,0,0.013842
57,77905A47,0,1,1,1,0,0,0.000088,0
58,803433DF,4,2,6,1,37,0,0,0.039223
59,810432A1,1,1,2,0.5,0.5,0.0185,0.001526,0.003857
60,7EAC190C,3,3,6,0.714286,12.666667,0.008407,0.090146,0.021316
61,7627C468,1,1,2,1,0,0.000087,0.000952,0.003857
62,5F5ADA1E,2,1,3,0.6,6,0,0.000014,0.007714
63,813BD982,1,0,1,0,0,0,0,0.003857
64,34231777,1,0,1,0,0,0,0,0.003857
65,80A5EEB5,0,1,1,0.5,0,0,0.000362,0
66,76A3C685,1,0,1,0,0,0,0,0.003857
67,7F337D59,4,6,10,0.402985,24.916667,0.003291,0.022027,0.015428
68,786395A2,1,0,1,0,0,0,0,0.003857
69,684E0BD3,1,0,1,0,0,0,0,0.003857
70,792F8D6B,0,1,1,0.6,0,0,0.004655,0
71,7643727C,0,7,7,0.383721,0,0,0.010145,0
72,7D3F76D7,4,3,7,0.714286,16.5,0,0,0.017699
73,7EFD1C16,2,1,3,1,2,0,0,0.007714
74,5E4CE5D9,9,0,9,0,0,0.014482,0,0.320327
75,80A677F8,0,1,1,1,0,0,0,0
76,77B2FB51,1,3,4,0.365854,6,0,0,0.003857
77,7560EB7E,1,0,1,0,0,0.000395,0,0.003857
78,75709D8B,3,3,6,0.8,6,0,0,0.020494
79,7C56F4AC,0,2,2,0.625,0,0,0,0
80,78BE6697,1,0,1,0,0,0.002356,0,0.014263
81,7852DCC6,7,4,11,0.642857,30.166667,0.005106,0.016804,0.031541
82,7EB17A8F,1,0,1,0,0,0,0,0.003857
83,7D00A431,1,0,1,0,0,0.008135,0,0.003857
84,804EBBF4,1,0,1,0,0,0.001595,0,0.006789
85,5CCEB367,0,1,1,1,0,0,0.001351,0
86,7B67BBB9,6,0,6,0,0,0.014917,0,0.048208
87,7576891C,1,0,1,0,0,0.000583,0,0.003857
88,7E4DF89B,2,0,2,0,0,0,0,0.009985
89,7B91351F,4,2,6,1,8,0,0,0.023563
90,815AA038,1,4,5,0.588235,12.166667,0.011352,0.095932,0.013661
91,0B3BE180,1,0,1,0,0,0,0,0.003857
92,75657655,1,0,1,0,0,0,0,0.006128
93,79E1272B,1,4,5,0.358621,1.25,0.00019,0.008416,0.003857
94,7F1BED14,0,1,1,1,0,0,0,0
95,7CC718F2,1,0,1,0,0,0,0,0.006128
96,79871A0E,1,6,7,0.518519,2.333333,0.000654,0.099552,0.003857
97,5A187B0A,2,2,4,0.75,24,0.000486,0.078889,0.033346
98,7AD319E2,1,0,1,0,0,0,0,0.006916
99,788419FC,5,1,6,0.666667,4.166667,0.041856,0.00883,0.03114
100,7DE2BA97,0,2,2,1,0,0,0,0
101,7B326407,1,0,1,0,0,0,0,0.003857
102,776100C6,0,1,1,1,0,0,0,0
103,7A7F0E7D,8,7,15,0.733333,227.572222,0.010968,0.022387,0.12665
104,814ADD59,0,1,1,1,0,0,0,0
105,7DA2F6FE,5,0,5,0,0,0,0,0.044689
106,79AF7B5B,2,2,4,0.666667,69.883333,0.00115,0.004817,0.084357
107,7835F0A4,0,4,4,1,0,0,0,0
108,7D5D8032,0,1,1,1,0,0,0,0
109,7CE89CC3,1,0,1,0,0,0,0,0.003857
110,7C672036,0,2,2,0.75,0,0,0.004499,0
111,7F30AC1E,0,1,1,1,0,0,0,0
112,7D2DA1ED,17,2,19,0.75,31.616667,0.02209,0.008676,0.308976
113,59809840,3,5,8,0.535714,39.163889,0.004592,0.015639,0.026519
114,7E54779E,0,1,1,1,0,0,0,0
115,76AECCE1,2,3,5,1,4.5,0,0,0.009985
116,7A6C3D99,1,0,1,0,0,0,0,0.003857
117,7ABD0F23,0,1,1,1,0,0,0.000162,0
118,7F39606A,0,1,1,1,0,0,0,0
119,83DE0874,0,2,2,0.291209,0,0,0.006356,0
120,7AA518C4,0,1,1,0.666667,0,0,0.004411,0
121,7F2DA9EF,1,1,2,0.5,0,0,0,0.006128
122,7903239E,7,5,12,0.5,34.683333,0.04387,0.127947,0.056006
123,7CBF9317,0,5,5,0.571429,0,0,0,0
124,754248D1,1,0,1,0,0,0,0,0.003857
125,79688330,25,4,29,1,85.928571,0.215386,0.10153,0.227335
126,7CD0302F,0,1,1,0.666667,0,0,0,0
127,7F663F84,23,0,23,0,0,0.218819,0,0.48257
128,7FAEBFA0,0,1,1,1,0,0,0,0
129,7654366C,0,1,1,1,0,0,0,0
130,753AFB95,0,1,1,0.666667,0,0,0,0
131,7EA319DD,2,6,8,0.481481,16.25,0,0,0.009985
132,7FBB680A,2,2,4,0.75,0.5,0,0,0.009985
133,7F6A704B,2,0,2,0,0,0,0,0.007714
134,0AFFE411,1,1,2,0.666667,0,0.0185,0.077538,0.003857
135,7518AA14,1,0,1,0,0,0,0,0.003857
136,76F75398,4,1,5,0.666667,0.666667,0,0,0.035817
137,7CD8DE69,0,2,2,0.44,0,0,0.034478,0
138,7BF66AC4,3,4,7,0.75,2.128571,0.027547,0.126748,0.011571
139,7C1B0C64,0,1,1,0.666667,0,0,0,0
140,770CD59A,1,0,1,0,0,0.000395,0,0.003857
141,7D0DEA0D,0,1,1,0.444444,0,0,0,0
142,7511EF20,2,3,5,1,13,0,0,0.017459
143,7F0AFA10,0,4,4,0.833333,0,0,0,0
144,807E6230,0,1,1,0.388889,0,0,0.001161,0
145,7FF37240,1,1,2,1,1,0,0,0.003857
146,7DCFF635,0,2,2,0.428571,0,0,0.092573,0
147,76E1B8C2,0,2,2,1,0,0,0,0
148,79A5ED30,2,1,3,1,1,0,0,0.009985
149,7F55A360,0,1,1,1,0,0,0,0
150,7FADF271,0,1,1,0.5,0,0,0.008782,0
151,7BEB64C9,0,1,1,0.555556,0,0,0.002146,0
152,79A8AF87,10,1,11,0.666667,17.833333,0.075226,0.00883,0.120965
153,789A4043,2,2,4,0.666667,8,0,0,0.007714
154,787AAF94,0,2,2,1,0,0,0,0
155,7FED7E74,2,14,16,0.52439,34.925,0.001092,0.024357,0.007714
156,79F7D9D2,4,3,7,0.44,8.5,0,0,0.028105
157,7AC6BB78,1,1,2,1,0,0,0,0.003857
158,80F5A73E,3,1,4,0.392857,19.111111,0.002988,0.000121,0.011571
159,777CC0A3,0,1,1,1,0,0,0,0
160,75B0F4D4,0,2,2,0.363636,0,0,0.002744,0
161,7B5D3C8A,1,3,4,1,0,0.009593,0.017442,0.011992
162,8104E8FF,2,0,2,0,0,0,0,0.015188
163,75282753,1,0,1,0,0,0,0,0.00906
164,81025F21,0,4,4,0.349206,0,0,0.006462,0
165,7BD75D0D,0,14,14,0.550725,0,0,0.020225,0
166,7A9D2045,5,6,11,0.363636,10.733333,0.009631,0.006285,0.019286
167,7CD43843,0,2,2,0.329412,0,0,0.008245,0
168,7FB1D264,0,2,2,1,0,0,0.009156,0
169,79C9DE2F,1,0,1,0,0,0,0,0.003857
170,7BA3AE06,1,0,1,0,0,0.000136,0,0.006128
171,78B5B0C5,1,1,2,1,0,0,0,0.003857
172,8174E083,34,1,35,1,14.308333,0.048866,0.006495,0.522589
173,78B0F248,3,3,6,0.8,6.333333,0,0,0.011571
174,771AB301,1,0,1,0,0,0,0,0.018983
175,7A7E1D09,4,0,4,0,0,0.000884,0,0.025173
176,7E2DDA7E,1,3,4,0.666667,0.5,0.0185,0.091349,0.003857
177,8038CB8F,0,2,2,1,0,0,0,0
178,7718DB12,0,2,2,0.75,0,0,0,0
179,7CF00CDB,2,1,3,1,3,0,0,0.009985
180,7E4F9583,2,0,2,0,0,0,0,0.009985
181,7C35A4B0,0,3,3,0.470588,0,0,0.001405,0
182,80314277,1,2,3,0.666667,0.5,0,0,0.003857
183,7AC7C7A0,0,2,2,0.75,0,0,0,0
184,7C1B1D7D,1,1,2,1,0,0,0,0.003857
185,7B588B13,1,0,1,0,0,0,0,0.003857
186,7D55BE00,0,5,5,0.777778,0,0,0.124559,0
187,78B2130C,3,2,5,0.75,12,0,0,0.018384
188,7EE1DEB6,0,1,1,0.5,0,0,0,0
189,78061F07,4,2,6,0.533333,13.166667,0,0,0.032613
190,7DBE238B,0,1,1,1,0,0,0.000162,0
191,7B05648F,1,0,1,0,0,0,0,0.003857
192,59436CF0,1,0,1,0,0,0,0,0.003857
193,7D35D09E,7,2,9,0.625,5.642857,0.049269,0.096981,0.039676
194,81744658,0,4,4,0.75,0,0,0.101921,0
195,7B56B6A7,0,2,2,0.571429,0,0,0,0
196,7A323258,0,2,2,0.666667,0,0,0,0
197,792596A7,2,0,2,0,0,0.001883,0,0.080252
198,7F3C1098,1,2,3,0.666667,3,0,0,0.003857
199,7934964C,14,3,17,0.714286,19.545238,0.110927,0.116734,0.082632
200,7575917B,1,1,2,0.666667,2,0,0,0.003857
201,7A449E52,0,2,2,0.571429,0,0,0,0
202,7CB13348,1,2,3,1,4,0,0,0.006128
203,8025530F,39,0,39,0,0,0.069836,0,0.866033
204,7B1492A1,1,4,5,0.52381,1.666667,0.00008,0.009311,0.003857
205,7ACEE529,10,2,12,0.75,9.533333,0.101431,0.097291,0.141717
206,78ECD4DF,1,0,1,0,0,0.001826,0,0.003857
207,7D36519F,0,3,3,0.8,0,0,0,0
208,5BA9E028,0,2,2,0.571429,0,0,0.008118,0
209,8129E6EF,34,2,36,1,187.5,0.05157,0.006356,0.338757
210,5DD860BD,0,4,4,0.75,0,0,0.121182,0
211,7C4C3261,1,0,1,0,0,0,0,0.008399
212,7D21EACB,2,2,4,0.6,0,0.018322,0.029457,0.009985
213,813378A5,0,1,1,0.392857,0,0,0.000121,0
214,5E233230,1,1,2,1,0.5,0,0.000001,0.003857
215,7D212073,2,0,2,0,0,0,0,0.009985
216,7CB4D2E9,0,1,1,0.666667,0,0,0.077538,0
217,780C9B32,0,5,5,0.431034,0,0,0.008547,0
218,5A9049E5,1,0,1,0,0,0,0,0.003857
219,762817C8,0,8,8,0.408163,0,0,0.004375,0
220,75360368,1,0,1,0,0,0,0,0.006128
221,807579E7,2,0,2,0,0,0,0,0.007714
222,77507F57,4,0,4,0,0,0,0,0.029554
223,75A7B975,0,1,1,0.349593,0,0,0.000485,0
224,75359575,0,3,3,1,0,0,0,0
225,78D9B203,3,3,6,0.625,9.5,0,0,0.029834
226,75ED8D9D,2,0,2,0,0,0,0,0.007714
227,8176BB35,1,0,1,0,0,0.002287,0,0.003857
228,81606656,0,1,1,1,0,0,0.000088,0
229,7CE0FBF7,5,3,8,0.714286,4.5,0.057057,0.116734,0.021556
230,7B3C73F0,1,0,1,0,0,0,0,0.003857
231,7CAED90C,7,5,12,0.5,84.433333,0.018898,0.014359,0.123473
232,75AE3747,1,1,2,0.461538,5.5,0,0,0.006128
233,7BDC3BC5,1,4,5,0.636364,2,0.0185,0.082787,0.003857
234,7B4BA930,2,2,4,0.75,5,0.000271,0.078889,0.009985
235,7EE476DE,0,1,1,0.666667,0,0,0,0
236,7F6714E4,1,0,1,0,0,0,0,0.003857
237,7CB93A39,1,4,5,0.75,1.142857,0.006101,0.117693,0.003857
238,757C5025,2,0,2,0,0,0,0,0.007714
239,76A407C1,1,0,1,0,0,0,0,0.003857
240,763F1747,1,1,2,1,2,0,0,0.006128
241,786FA5DC,2,7,9,0.415584,16.416667,0.000867,0.012919,0.007714
242,7549363F,0,1,1,1,0,0,0,0
243,75442667,1,0,1,0,0,0,0,0.020605
244,76D930D0,2,3,5,0.6,15.833333,0,0,0.012917
245,7DA19C95,0,1,1,1,0,0,0,0
246,76709BD1,19,3,22,0.571429,144.816667,0.166554,0.106073,0.179255
247,7AA9C3B9,13,3,16,0.8,180.5,0.097289,0.019245,0.157866
248,7BFE2F5C,0,1,1,1,0,0,0,0
249,762792A8,2,3,5,1,4.333333,0,0,0.014527
250,79C2CFF3,1,1,2,1,1,0,0,0.003857
251,7B2D6272,0,4,4,0.457143,0,0,0.007243,0
252,3210F3C4,2,0,2,0,0,0,0,0.021839
253,80E9B333,3,0,3,0,0,0,0,0.014503
254,793627E3,1,0,1,0,0,0,0,0.003857
255,76145127,1,0,1,0,0,0,0,0.006128
256,800E3251,0,1,1,1,0,0,0,0
257,804B7F84,1,0,1,0,0,0,0,0.003857
258,8086AC14,0,1,1,0.6,0,0,0.000014,0
259,7796EE88,0,2,2,0.5,0,0,0,0
260,7CC6B647,1,6,7,0.4,51,0.000574,0.015269,0.003857
261,7B5C99F4,1,2,3,0.5,0,0.000435,0.000121,0.003857
262,5F5728CD,2,4,6,0.7,22.166667,0.011966,0.006335,0.018781
263,7B9BD3B4,0,1,1,0.461538,0,0,0.010013,0
264,80FA135D,0,2,2,0.666667,0,0,0.003403,0
265,7F07155B,0,10,10,0.615385,0,0,0.1316,0
266,805697E8,0,1,1,0.666667,0,0,0,0
267,7D32FA9F,0,1,1,1,0,0,0.006495,0
268,790C88D9,14,1,15,1,19.583333,0.097816,0.019753,0.188584
269,79494236,1,0,1,0,0,0,0,0.003857
270,75769B5F,1,0,1,0,0,0,0,0.003857
271,764A6500,0,3,3,0.625,0,0,0,0
272,7AAC39AD,8,4,12,0.588235,32.67619,0.047847,0.095673,0.040601
273,7605F236,1,2,3,0.571429,0,0,0,0.016408
274,765EC1B5,1,1,2,1,1,0,0,0.003857
275,5D84972A,0,1,1,0.666667,0,0,0.077538,0
276,79E040F9,0,5,5,0.611111,0,0,0.140552,0
277,79665B2D,0,2,2,0.75,0,0,0.097291,0
278,75E5844D,0,2,2,0.75,0,0,0.083842,0
279,77200F8B,1,0,1,0,0,0,0,0.003857
280,7B726DC6,1,9,10,1,55,0.001196,0.093624,0.015966
281,7C92D5B8,0,1,1,0.6,0,0,0.004655,0
282,8128C3FD,1,0,1,0,0,0,0,0.009848
283,7B20B89F,1,2,3,0.75,3,0,0,0.003857
284,7A7FB402,1,1,2,1,4,0,0,0.009187
285,787B6985,1,1,2,0.666667,0,0.010624,0.077538,0.006128
286,7FFE3101,0,1,1,1,0,0,0,0
287,77CB8EDF,1,0,1,0,0,0,0,0.003857
288,7E2CE83A,1,0,1,0,0,0,0,0.003857
289,74E2555F,0,1,1,0.6,0,0,0.004655,0
290,7F9813C8,0,1,1,1,0,0,0,0
291,77C1649A,3,0,3,0,0,0,0,0.014503
292,80B899FA,4,1,5,1,2,0,0,0.017699
293,2FFBBAF5,2,0,2,0,0,0,0,0.007714
294,7C25B0A2,0,2,2,1,0,0,0,0
295,8136A275,2,2,4,0.583333,0.25,0.002743,0.008163,0.02556
296,75B3C64B,0,1,1,0.666667,0,0,0,0
297,7AFC9EAA,0,5,5,0.5,0,0,0,0
298,7E440E03,0,4,4,0.545455,0,0,0.087613,0
299,774A48EE,6,0,6,0,0,0,0,0.069309
300,774CDC3E,5,5,10,0.642857,33,0.033213,0.103845,0.019286
301,7690F480,6,0,6,0,0,0,0,0.03459
302,7DF8A170,98,1,99,1,126.214286,0.858946,0.003411,1
303,79A9AC97,1,1,2,1,1,0,0,0.003857
304,7B484956,0,1,1,1,0,0,0,0
305,7AAABE54,0,3,3,1,0,0,0,0
306,81701F91,4,1,5,1,6,0,0,0.045161
307,8033768F,3,3,6,0.714286,55,0,0,0.040211
308,59C2DC27,4,2,6,1,6.5,0.021844,0.015553,0.064779
309,7F486C73,3,4,7,0.666667,3.95,0.00411,0.014261,0.013842
310,5F446BFA,0,2,2,1,0,0,0.000163,0
311,804E6FB9,0,1,1,1,0,0,0,0
312,7D86AA5A,0,6,6,0.541667,0,0,0.098939,0
313,68A77F5B,4,0,4,0,0,0.020926,0,0.028071
314,7FA73EAB,1,0,1,0,0,0,0,0.003857
315,8158676D,0,4,4,1,0,0,0,0
316,7DAD65BC,2,0,2,0,0,0,0,0.012256
317,777925AA,2,2,4,0.380952,3.5,0,0,0.012917
318,7C275C58,0,1,1,1,0,0,0.006304,0
319,644A5A8C,0,1,1,0.313725,0,0,0.000952,0
320,8136A4B9,1,1,2,0.666667,0.4,0.002356,0.004411,0.014263
321,801F092C,0,3,3,0.8,0,0,0.093091,0
322,805D5DFE,0,1,1,1,0,0,0,0
323,7A5DEB93,1,0,1,0,0,0.009165,0,0.095913
324,7C2E4394,3,2,5,0.625,21.833333,0.029619,0.039196,0.039983
325,75F60D55,6,0,6,0,0,0,0,0.026075
326,7B780871,0,2,2,1,0,0,0.080949,0
327,7F3249DB,0,3,3,0.461538,0,0,0.016558,0
328,598CA15E,1,0,1,0,0,0.0185,0,0.003857
329,752D953C,0,1,1,0.666667,0,0,0,0
330,33181361,0,3,3,0.4,0,0,0.004299,0
331,7BF04849,1,4,5,0.4375,14.5,0.001116,0.014301,0.006128
332,7B9E8ED2,1,0,1,0,0,0,0,0.003857
333,01B83892,0,5,5,0.5,0,0,0.120941,0
334,5F643276,1,3,4,0.8,1.333333,0.002004,0.006274,0.003857
335,5DB59A2A,9,1,10,0.666667,34.638889,0.02009,0.001222,0.155577
336,7C3DC2E8,3,4,7,0.833333,17.5,0,0,0.033427
337,77DFEF9B,0,2,2,1,0,0,0,0
338,5A542AE8,2,0,2,0,0,0.019153,0,0.007714
339,816CE5BB,0,1,1,1,0,0,0,0
340,79F42C8A,0,1,1,0.666667,0,0,0.077538,0
341,7A7D997C,1,4,5,0.5,6,0,0,0.003857
342,7BE32409,8,4,12,0.588235,113.611111,0.001339,0.003712,0.049814
343,7BA70E6F,1,0,1,0,0,0,0,0.003857
344,802E3787,0,4,4,0.75,0,0,0.10381,0
345,7A4997A6,3,0,3,0,0,0,0,0.013842
346,764490EC,0,4,4,0.75,0,0,0.004816,0
347,7A28050B,0,2,2,0.545455,0,0,0,0
348,5F3D3FD6,1,0,1,0,0,0,0,0.003857
349,8501DF67,0,3,3,0.458333,0,0,0,0
350,80FDABE3,0,4,4,1,0,0,0,0
351,79C894BD,1,4,5,0.615385,6.5,0.000127,0.006446,0.003857
352,79D0DE4C,1,0,1,0,0,0,0,0.003857
353,7A9CEECB,0,1,1,0.3,0,0,0.00027,0
354,79D3FA94,0,1,1,1,0,0,0,0
355,79BE92D4,4,1,5,0.666667,6.666667,0,0,0.053047
356,7ABA0670,0,2,2,1,0,0,0.003439,0
357,8156EEAF,2,1,3,1,0,0.002052,0.001347,0.02361
358,75ECD586,1,0,1,0,0,0,0,0.003857
359,7B014A3D,2,2,4,0.571429,3.5,0.011635,0.002316,0.015849
360,7C911B22,0,4,4,0.368421,0,0,0.015742,0
361,6A8329E0,5,0,5,0,0,0.000015,0,0.023827
362,7990E9B2,1,4,5,0.481481,3.5,0.000677,0.001509,0.003857
363,7AFA8A41,4,0,4,0,0,0.023511,0,0.032359
364,7A0F997D,0,1,1,1,0,0,0,0
365,76E54190,2,0,2,0,0,0,0,0.007714
366,2CF60DAF,1,0,1,0,0,0,0,0.00745
367,78F1D15A,1,1,2,1,0.5,0,0,0.003857
368,5D508BE2,0,1,1,0.666667,0,0,0,0
369,78185880,0,1,1,1,0,0,0,0
370,7FB9E52E,0,1,1,0.6,0,0,0,0
371,77648690,0,1,1,0.571429,0,0,0,0
372,7618E4C5,3,4,7,0.555556,31.166667,0.040708,0.100083,0.021376
373,80E452BD,1,0,1,0,0,0,0,0.003857
374,85EC7C4B,0,1,1,0.6,0,0,0.004655,0
375,7595AE3D,6,2,8,0.666667,12.033333,0.015529,0.086694,0.080434
376,7B645D08,0,2,2,1,0,0,0,0
377,7E71330E,1,0,1,0,0,0.00031,0,0.003857
378,7BDE7A7A,1,0,1,0,0,0,0,0.012653
379,765F19EB,1,4,5,1,1.5,0,0,0.003857
380,78039F53,2,7,9,0.540541,14.642857,0.024601,0.140524,0.007714
381,76727AFA,1,0,1,0,0,0,0,0.003857
382,5C650F27,0,1,1,0.416667,0,0,0.002998,0
383,08DED6F7,0,3,3,0.5,0,0,0.012299,0
384,76AC29EC,0,6,6,0.541667,0,0,0.105207,0
385,7B77CD8A,0,2,2,0.75,0,0,0,0
386,76883D22,1,0,1,0,0,0.00001,0,0.003857
387,7E8243C3,0,4,4,0.5,0,0,0,0
388,7A1BCFFD,2,0,2,0,0,0,0,0.007714
389,0B822E7F,0,4,4,0.833333,0,0,0.019205,0
390,7CEAC534,1,0,1,0,0,0,0,0.006128
391,7CE709A9,1,0,1,0,0,0,0,0.003857
392,0860D5E6,0,7,7,0.535714,0,0,0.152107,0
393,7981D35E,0,2,2,1,0,0,0,0
394,78D1AB2F,0,2,2,0.434783,0,0,0.004872,0
395,7C5EA00C,1,1,2,1,1,0,0.000183,0.003857
396,788E202C,0,4,4,0.407407,0,0,0.008001,0
397,761755C1,1,0,1,0,0,0.002356,0,0.014263
398,5C0A4807,2,0,2,0,0,0.008022,0,0.007714
399,76A9707F,1,2,3,0.666667,0,0,0,0.006128
400,7CABF085,0,1,1,1,0,0,0,0
401,7AD37784,3,2,5,0.555556,5,0,0,0.011571
402,7AC752BB,3,0,3,0,0,0.004384,0,0.013842
403,7FBB0C8D,1,3,4,1,3,0,0,0.003857
404,7EC32E57,0,2,2,0.454545,0,0,0.080536,0
405,7A1AEB92,6,0,6,0,0,0.008455,0,0.170424
406,79F08FCF,2,0,2,0,0,0,0,0.026
407,7EA83701,0,5,5,0.692308,0,0,0.012848,0
408,7A91515A,2,0,2,0,0,0,0,0.009985
409,76E76A80,1,0,1,0,0,0,0,0.003857
410,76B2AD55,0,1,1,0.666667,0,0,0,0
411,7CEA5090,1,1,2,0.666667,0,0.007728,0.077538,0.003857
412,77F20F96,0,5,5,0.52,0,0,0.008157,0
413,78BF5438,0,1,1,0.6,0,0,0.004655,0
414,78140E62,6,0,6,0,0,0.015065,0,0.086116
415,77686363,1,3,4,0.666667,0.5,0.00116,0.016551,0.003857
416,804300C8,0,1,1,1,0,0,0,0
417,78BDFEBB,0,2,2,1,0,0,0,0
418,691BB2F2,2,0,2,0,0,0,0,0.007714
419,7607FD0E,0,8,8,0.391304,0,0,0.012257,0
420,13E8BE45,0,1,1,0.6,0,0,0,0
421,7F5C93FD,6,0,6,0,0,0.005566,0,0.107001
422,85651660,0,2,2,0.6,0,0,0.029457,0
423,78B23A39,5,0,5,0,0,0,0,0.068354
424,75344C31,1,0,1,0,0,0,0,0.006128
425,80943A97,1,0,1,0,0,0,0,0.003857
426,7F1580D5,0,2,2,0.350515,0,0,0.00395,0
427,785591EB,1,0,1,0,0,0,0,0.003857
428,7B59D78C,2,0,2,0,0,0,0,0.013044
429,77DABAB9,0,1,1,0.666667,0,0,0,0
430,5CE6403D,1,2,3,0.454545,0,0.000736,0.006636,0.003857
431,80D4DC8E,1,0,1,0,0,0.000574,0,0.131905
432,79C4BDF1,1,0,1,0,0,0,0,0.003857
433,0A4EB5E4,0,3,3,0.410714,0,0,0.008016,0
434,3B554C40,1,0,1,0,0,0,0,0.003857
435,8078E32D,1,1,2,1,0.5,0,0.000001,0.003857
436,768CB874,1,0,1,0,0,0,0,0.003857
437,7A364046,0,1,1,1,0,0,0.006495,0
438,7BB36A56,0,2,2,0.571429,0,0,0,0
439,599B865F,1,0,1,0,0,0,0,0.015493
440,7B773571,3,0,3,0,0,0,0,0.019706
441,7FDF6F85,1,5,6,0.625,0.333333,0.009207,0.109452,0.003857
442,7F056367,0,6,6,0.518519,0,0,0.120268,0
443,7A4E0736,1,0,1,0,0,0,0,0.006128
444,755C474C,16,0,16,0,0,0.091787,0,0.212767
445,7841EE11,1,3,4,0.5,0.25,0.000534,0.008608,0.003857
446,8150CEAC,2,2,4,0.545455,4.666667,0.007879,0.009589,0.009985
447,7EEA603D,0,3,3,0.615385,0,0,0.087785,0
448,797195FF,1,1,2,0.6,3,0,0.004655,0.003857
449,77D63142,1,1,2,0.5,0,0,0,0.006128
450,756834FC,2,1,3,1,2,0,0,0.007714
451,7A0A688D,0,3,3,1,0,0,0.000109,0
452,792F15B5,0,10,10,0.478261,0,0,0.025246,0
453,687DE4AC,0,1,1,1,0,0,0.000001,0
454,7947839A,0,4,4,0.833333,0,0,0,0
455,7715BEED,1,0,1,0,0,0,0,0.006128
456,787FAA21,6,3,9,0.454545,30.866667,0.00623,0.101729,0.074342
457,7D0776D2,0,1,1,1,0,0,0,0
458,7C8A1E0A,3,7,10,0.6875,28,0.038498,0.106273,0.016113
459,76933D4E,1,2,3,0.75,3,0,0,0.003857
460,5B410D1B,1,0,1,0,0,0,0,0.003857
461,7E29E58C,3,0,3,0,0,0,0,0.024087
462,76FB147E,0,1,1,1,0,0,0,0
463,78E9A3D2,2,5,7,0.52,1.5,0,0,0.007714
464,7E3F4369,6,1,7,1,15.972222,0.013541,0.001308,0.117617
465,80B6CEAC,0,1,1,0.444444,0,0,0,0
466,80D059D1,0,2,2,0.5,0,0,0.000121,0
467,7E52A197,1,1,2,1,1,0,0,0.003857
468,7A771AF1,16,11,27,0.477612,262.822222,0.029305,0.021581,0.104913
469,7AB32B8E,0,1,1,0.454545,0,0,0,0
470,5F5D0465,0,3,3,0.714286,0,0,0.004937,0
471,80D4D739,0,1,1,1,0,0,0,0
472,7E9C9A3E,3,1,4,1,2.083333,0.002313,0.006304,0.016113
473,7C260BD3,0,1,1,0.5,0,0,0,0
474,7CE0ACAA,2,7,9,0.818182,14,0.000522,0.016449,0.007714
475,79AB3282,3,7,10,0.65,9.509524,0.012587,0.107881,0.013842
476,7830A18C,3,0,3,0,0,0.004216,0,0.089312
477,780BF2AF,0,1,1,0.666667,0,0,0,0
478,802A7EA7,4,2,6,0.6,13.666667,0.021944,0.023891,0.01997
479,79622AEE,0,1,1,1,0,0,0,0
480,76BD1A22,4,1,5,1,0.333333,0,0,0.028766
481,77A557A6,6,0,6,0,0,0,0,0.031277
482,80CF120D,2,0,2,0,0,0,0,0.007714
483,762CD5AD,2,1,3,1,0.5,0,0,0.012256
484,7FF6233C,2,0,2,0,0,0.01663,0,0.007714
485,8034B1EC,0,5,5,0.611111,0,0,0.101998,0
486,7909C465,5,0,5,0,0,0,0,0.049367
487,77AB9B58,1,2,3,0.75,4,0,0,0.006789
488,7B315C00,6,2,8,0.555556,2.342857,0.048086,0.084329,0.032887
489,7604726F,8,4,12,0.464286,41.966667,0.012513,0.02567,0.061413
490,7C56C6C3,0,1,1,1,0,0,0,0
491,7EB7D7AF,0,1,1,1,0,0,0,0
492,77A2F5BF,0,1,1,0.666667,0,0,0,0
493,7A7DC8E9,0,6,6,0.625,0,0,0,0
494,7F0D2166,0,11,11,0.473684,0,0,0.022195,0
495,79D8254D,0,3,3,0.461538,0,0,0.001497,0
496,78A5454C,0,3,3,0.340426,0,0,0,0
497,7D08EC37,0,2,2,1,0,0,0,0
498,7F21E2FF,2,0,2,0,0,0,0,0.021306
499,790DDB10,1,0,1,0,0,0,0,0.006789
500,7F0C0340,0,1,1,0.666667,0,0,0.077538,0
501,77A2BAA7,1,2,3,0.666667,4,0,0,0.003857
502,78E052E2,2,0,2,0,0,0.008521,0,0.050516
503,7DD05148,7,0,7,0,0,0.001793,0,0.051877
504,79D2BF2A,2,1,3,0.6,0,0.001931,0.004655,0.012256
505,6104AA0D,4,1,5,0.4,6.375,0.00458,0.001488,0.01997
506,7D9E6AC0,0,1,1,0.313725,0,0,0.000952,0
507,78BE8B63,1,0,1,0,0,0,0,0.008399
508,7D40E3EB,3,1,4,1,1.833333,0,0,0.028756
509,7960C7AA,2,1,3,1,0,0,0,0.012917
510,804ABD10,0,2,2,0.4375,0,0,0.00449,0
511,798925F6,1,6,7,0.448276,12.5,0.001106,0.010067,0.003857
512,7D26CE80,1,0,1,0,0,0,0,0.003857
513,751F5AD9,1,1,2,1,0.5,0.000395,0.001668,0.003857
514,5DCA8141,3,2,5,0.75,4,0.0169,0.097291,0.022956
515,7A96F153,0,2,2,0.366667,0,0,0,0
516,7C41FA90,1,0,1,0,0,0,0,0.003857
517,75DF9B58,0,2,2,0.571429,0,0,0,0
518,7805D4AB,4,0,4,0,0,0,0,0.029715
519,7FD0114C,1,0,1,0,0,0.0185,0,0.003857
520,6E5869F9,0,1,1,1,0,0,0.000162,0
521,7D71C5A9,2,0,2,0,0,0.002762,0,0.01812
522,754021AF,0,2,2,0.666667,0,0,0,0
523,780B647D,0,1,1,1,0,0,0.008286,0
524,77C4B8BD,1,0,1,0,0,0,0,0.003857
525,7A5EC172,13,1,14,1,14.316667,0.024153,0.006304,0.406178
526,79600CA6,1,0,1,0,0,0,0,0.003857
527,80E6CFFA,6,0,6,0,0,0.014971,0,0.065436
528,7CB03382,1,8,9,0.526316,16,0.001453,0.017672,0.006128
529,80D3AA54,0,5,5,0.442308,0,0,0.104286,0
530,7CA6F5B9,0,1,1,1,0,0,0,0
531,810F5298,0,2,2,0.625,0,0,0,0
532,7A06B722,1,1,2,1,1,0.000143,0.019753,0.006128
533,811525BD,0,1,1,0.666667,0,0,0.000209,0
534,85A22DF1,0,1,1,1,0,0,0,0
535,8156100D,1,8,9,0.45283,20.333333,0.001345,0.012358,0.003857
536,79E30512,1,0,1,0,0,0,0,0.008399
537,814207D1,0,4,4,0.578947,0,0,0.095544,0
538,7B1FA834,0,2,2,1,0,0,0.00096,0
539,7D04E751,1,2,3,0.75,1,0,0,0.003857
540,78105C9A,1,0,1,0,0,0,0,0.003857
541,7774B2AD,2,3,5,0.6,4.333333,0,0,0.009985
542,801A26E4,0,1,1,0.363636,0,0,0.000415,0
543,7B918CF7,1,1,2,1,0,0,0,0.003857
544,796EFD43,4,1,5,1,3,0,0,0.015428
545,7A1D9730,1,0,1,0,0,0,0,0.003857
546,781EF4EE,0,3,3,0.714286,0,0,0,0
547,7F4E66EC,0,1,1,1,0,0,0,0
548,761BD407,1,1,2,0.6,3,0.003086,0.004655,0.003857
549,766FFD7D,2,0,2,0,0,0,0,0.007714
550,7AFB657C,2,3,5,0.40625,12.25,0,0,0.009985
551,59432A9A,0,1,1,0.391304,0,0,0.015035,0
552,815243B8,0,3,3,0.714286,0,0,0.095365,0
553,80FF38B1,0,4,4,0.481481,0,0,0.101569,0
554,77741408,0,3,3,1,0,0,0,0
555,7EE5E74F,0,1,1,1,0,0,0,0
556,7C93FDA0,0,6,6,0.370787,0,0,0.083161,0
557,77B736D4,1,0,1,0,0,0,0,0.003857
558,7648085A,6,0,6,0,0,0.014489,0,0.139914
559,7B62D7B3,1,2,3,0.75,2,0,0,0.003857
560,805F93E7,0,5,5,0.365854,0,0,0.014901,0
561,775E25D2,0,3,3,0.714286,0,0,0.116734,0
562,816F7064,0,3,3,0.714286,0,0,0,0
563,7D376B3C,38,0,38,0,0,0.071953,0,0.783345
564,7C188678,3,0,3,0,0,0,0,0.016113
565,80ECDCFF,6,5,11,0.435897,28.477778,0.010618,0.010156,0.03809
566,7A37224F,1,0,1,0,0,0.000388,0,0.003857
567,78B71C36,2,1,3,0.666667,4,0,0,0.007714
568,80CC6871,0,3,3,0.5,0,0,0.007954,0
569,329AB569,1,0,1,0,0,0,0,0.003857
570,75FF5315,3,0,3,0,0,0,0,0.022926
571,8080053D,0,8,8,0.454545,0,0,0.009356,0
572,7EAA5267,1,0,1,0,0,0.0185,0,0.003857
573,7D9A827F,0,1,1,1,0,0,0,0
574,79DFFA85,0,1,1,0.666667,0,0,0.077538,0
575,7B1BA90A,8,0,8,0,0,0.037791,0,0.52065
576,80950FEC,1,1,2,1,3,0,0,0.008399
577,7B5282C4,1,0,1,0,0,0,0,0.003857
578,7C37DA5E,0,6,6,0.647059,0,0,0.014009,0
579,7BAB4815,4,1,5,1,12,0,0,0.038876
580,7A8F5EA2,4,0,4,0,0,0,0,0.017699
581,7A4B4A7F,0,1,1,1,0,0,0,0
582,76CC8853,3,0,3,0,0,0.010543,0,0.021977
583,59A23E74,2,2,4,0.75,10,0,0,0.010646
584,79691AB7,0,2,2,0.461538,0,0,0.081013,0
585,56927345,2,4,6,0.666667,5.25,0.001311,0.012622,0.009985
586,7DD95D8C,4,18,22,0.525,76.666667,0.005374,0.0261,0.01997
587,7617E778,4,0,4,0,0,0,0,0.019167
588,784F79CE,0,2,2,0.555556,0,0,0,0
589,5915D94C,0,2,2,1,0,0,0.007855,0
590,5F2E2E21,0,1,1,0.666667,0,0,0.077538,0
591,4A28C616,0,2,2,1,0,0,0,0
592,8020F94C,1,1,2,1,1,0,0.006304,0.003857
593,75486B45,3,0,3,0,0,0,0,0.013842
594,5A0110C4,0,1,1,1,0,0,0.000001,0
595,75123E60,5,1,6,0.35,7.75,0,0,0.03275
596,30E5AF9B,3,1,4,1,10,0,0,0.042519
597,816D8F0A,0,1,1,1,0,0,0,0
598,7BA2DBCC,0,1,1,0.666667,0,0,0.077538,0
599,7DADD849,1,1,2,1,0,0,0,0.003857
600,7B61334B,1,0,1,0,0,0,0,0.003857
601,710D41AE,1,5,6,0.571429,6.5,0.009414,0.096696,0.003857
602,81D00379,0,4,4,0.347368,0,0,0.004221,0
603,2D63602C,0,1,1,1,0,0,0,0
604,7811856E,0,4,4,0.5,0,0,0,0
605,751A1B5A,1,0,1,0,0,0,0,0.003857
606,7893B45B,2,9,11,0.536585,89.9,0.020713,0.125756,0.026916
607,78F3759C,0,1,1,1,0,0,0,0
608,797AB87F,5,1,6,0.5,0.5,0.039303,0.006791,0.02903
609,7D85D39D,3,0,3,0,0,0.000977,0,0.011571
610,75D91711,2,0,2,0,0,0.008929,0,0.044854
611,7C2DF7DE,1,0,1,0,0,0,0,0.003857
612,7C337D77,3,0,3,0,0,0,0,0.022765
613,7522C27F,0,1,1,0.666667,0,0,0,0
614,7E5C0C36,0,3,3,0.48,0,0,0.089366,0
615,75AC5F8F,0,1,1,0.6,0,0,0.004655,0
616,79D57B3E,1,0,1,0,0,0,0,0.003857
617,7A0AD149,1,2,3,0.75,2.833333,0,0,0.006128
618,5D1528D3,1,0,1,0,0,0,0,0.0165
619,80C33D36,0,1,1,1,0,0,0,0
620,806CEA4D,1,0,1,0,0,0,0,0.003857
621,7DAF8C97,2,0,2,0,0,0,0,0.007714
622,79E05DF3,0,2,2,1,0,0,0,0
623,7EC4E1EC,0,1,1,0.444444,0,0,0,0
624,7F3966F5,1,2,3,0.6,6,0.011352,0.028273,0.013661
625,78000552,0,3,3,1,0,0,0,0
626,7AD19900,1,1,2,1,0,0,0,0.010382
627,76F71870,1,0,1,0,0,0,0,0.003857
628,789DCB3E,1,0,1,0,0,0,0,0.003857
629,7C242387,2,2,4,0.625,8,0,0,0.007714
630,7D57750D,0,1,1,1,0,0,0,0
631,7AB1F51F,0,3,3,0.461538,0,0,0.096533,0
632,78A6BE1B,1,7,8,0.486486,16.166667,0,0,0.003857
633,76C33B14,5,2,7,0.625,21.666667,0.017464,0.082193,0.038144
634,7D2EA8E8,0,1,1,0.375,0,0,0,0
635,7C02F8F7,0,1,1,0.5,0,0,0,0
636,7D744A67,19,5,24,1,140.6,0.041561,0.013852,0.18243
637,7801C437,2,2,4,1,1,0,0,0.015188
638,77C99633,3,0,3,0,0,0,0,0.011571
639,7967AB73,2,5,7,0.727273,7,0.009178,0.022473,0.007714
640,5BFEB4E8,0,1,1,0.6,0,0,0.004655,0
641,219D53F2,3,18,21,0.510204,130.583333,0.002328,0.114885,0.016113
642,7BC8396A,1,0,1,0,0,0,0,0.003857
643,756DF57B,0,1,1,1,0,0,0,0
644,75797B17,1,0,1,0,0,0,0,0.003857
645,7DEAB758,2,1,3,0.5,10,0,0.008782,0.007714
646,7DD56919,0,1,1,1,0,0,0,0
647,7C97BB1D,2,2,4,1,2.5,0,0,0.007714
648,7C24C932,0,3,3,0.393939,0,0,0.085839,0
649,77844ACC,1,1,2,1,0,0,0,0.003857
650,7B6C83E4,0,1,1,1,0,0,0,0
651,80F6EE6D,11,2,13,0.666667,17.709524,0.096048,0.086694,0.099846
652,7D016C53,1,4,5,0.44186,18,0.000583,0.001666,0.003857
653,7E848C50,1,8,9,0.441176,22.541667,0.00008,0.016101,0.003857
654,7DEC83DD,0,1,1,1,0,0,0,0
655,81213C72,0,2,2,1,0,0,0.005534,0
656,7CD7FFF5,1,0,1,0,0,0,0,0.006128
657,7D4E70A3,0,4,4,0.636364,0,0,0.094116,0
658,80496F53,1,1,2,1,0,0.010371,0.006495,0.011992
659,773120F4,1,0,1,0,0,0,0,0.015178
660,7DC02752,12,4,16,0.666667,64.783333,0.015429,0.014261,0.118556
661,77359713,0,2,2,1,0,0,0,0
662,78C6E99D,1,1,2,0.666667,1,0,0,0.003857
663,7FB7992D,0,1,1,1,0,0,0,0
664,812F6E3C,1,2,3,1,0.5,0,0,0.003857
665,6B1D42DF,1,0,1,0,0,0,0,0.003857
666,791FA507,0,5,5,0.362637,0,0,0.004784,0
667,77410F6E,2,0,2,0,0,0,0,0.009985
668,80B9ABFC,3,3,6,0.428571,54,0.010543,0.082705,0.019706
669,7708FDD3,0,2,2,0.75,0,0,0.007526,0
670,75300573,1,1,2,1,1,0,0,0.003857
671,7677370F,1,1,2,1,1,0,0,0.003857
672,77C25DD1,4,1,5,0.5,4.666667,0.00463,0.001994,0.205855
673,7B3A2E64,2,0,2,0,0,0,0,0.016637
674,75C46295,2,0,2,0,0,0,0,0.015027
675,77B981F3,0,1,1,1,0,0,0,0
676,7BD31897,1,1,2,1,0,0.008452,0.000769,0.009334
677,796761AA,0,3,3,0.458333,0,0,0.088648,0
678,441A92E1,0,6,6,0.413793,0,0,0,0
679,77668D48,0,3,3,1,0,0,0,0
680,7F6AECAD,2,0,2,0,0,0,0,0.012917
681,5E1D221E,6,1,7,0.666667,17.166667,0,0,0.037268
682,78FA34C1,2,2,4,1,1.333333,0.018218,0.015553,0.015849
683,7F119DE6,3,2,5,0.538462,3,0.011072,0.012234,0.016113
684,7623C7F8,1,0,1,0,0,0,0,0.003857
685,77B27329,0,2,2,0.555556,0,0,0.081316,0
686,7C0FBB11,7,6,13,0.453125,114.166667,0.012206,0.024517,0.038354
687,771F2449,1,3,4,0.583333,1.333333,0,0,0.003857
688,7F2D9C9D,0,2,2,0.419355,0,0,0.000122,0
689,79DAAF34,1,1,2,0.461538,3,0.009414,0.000759,0.003857
690,7B30E458,1,0,1,0,0,0,0,0.003857
691,77A0B698,1,1,2,1,0,0,0,0.003857
692,7CD6A439,0,1,1,1,0,0,0,0
693,7B5410AD,0,3,3,1,0,0,0,0
694,77089E92,0,5,5,0.642857,0,0,0.085609,0
695,7A488C93,1,0,1,0,0,0,0,0.003857
696,71EDC31B,1,0,1,0,0,0,0,0.003857
697,775F1DD2,1,3,4,0.571429,7,0,0,0.006128
698,78C80711,0,1,1,0.666667,0,0,0,0
699,7B086DAC,0,3,3,0.481481,0,0,0.009666,0
700,80A8BBEF,5,0,5,0,0,0,0,0.041885
701,7E5B7963,1,0,1,0,0,0.00019,0,0.003857
702,784BD671,5,0,5,0,0,0,0,0.019286
703,7FB2EE79,1,2,3,0.5,2.5,0,0,0.003857
704,76888FBE,0,4,4,0.55,0,0,0.034183,0
705,7B9F29EE,0,4,4,0.6,0,0,0.010642,0
706,8179E851,1,2,3,0.470588,2,0.0185,0.001589,0.003857
707,10F7A436,0,2,2,0.377358,0,0,0.002401,0
708,766AFCBF,0,1,1,0.666667,0,0,0,0
709,7D5BC382,0,2,2,0.5,0,0,0,0
710,7C9EEEAC,3,1,4,1,3,0,0,0.016113
711,77758D55,0,2,2,1,0,0,0,0
712,7C05FF51,0,1,1,1,0,0,0,0
713,34223A9A,1,0,1,0,0,0,0,0.003857
714,79D9CC39,1,0,1,0,0,0,0,0.003857
715,7EA0CB97,3,0,3,0,0,0.001192,0,0.011571
716,7866B6BB,1,0,1,0,0,0,0,0.013052
717,7BE7BC2C,0,4,4,0.578947,0,0,0.093465,0
718,78BD5A66,1,0,1,0,0,0,0,0.003857
719,7832F35F,5,4,9,0.833333,105.638889,0.004008,0.005291,0.102884
720,75933E2B,0,2,2,1,0,0,0,0
721,79E54FAE,1,5,6,0.611111,9,0.012685,0.105408,0.008399
722,5CAE3C14,13,0,13,0,0,0.080502,0,0.110555
723,7A7A5159,4,0,4,0,0,0,0,0.025834
724,7FB1D9D7,4,0,4,0,0,0,0,0.027945
725,7AE2BFE1,0,2,2,0.75,0,0,0,0
726,765A02F2,1,1,2,1,0,0,0,0.003857
727,802EBF50,0,8,8,0.456522,0,0,0.007496,0
728,78E987D8,0,6,6,0.410072,0,0,0.002108,0
729,7BD9142E,0,2,2,0.473684,0,0,0,0
730,73C56AAB,0,6,6,0.377778,0,0,0.02291,0
731,7DF5E1C8,12,9,21,0.457627,101.922222,0.019378,0.01477,0.113992
732,7BAA2CB0,3,1,4,1,3,0,0,0.011571
733,7A407108,0,3,3,0.45,0,0,0,0
734,78C01064,0,7,7,0.571429,0,0,0.032635,0
735,7D9E6EC1,0,1,1,0.666667,0,0,0.077538,0
736,778C3E84,1,0,1,0,0,0,0,0.003857
737,7FFC2135,0,4,4,0.464286,0,0,0.08326,0
738,76F2BB56,1,1,2,0.666667,0,0.007728,0.077538,0.003857
739,7724CCE9,0,1,1,0.666667,0,0,0.077538,0
740,8005F02C,0,4,4,0.48,0,0,0.121172,0
741,7BE124B0,0,1,1,1,0,0,0,0
742,75634BB3,1,0,1,0,0,0,0,0.006128
743,7996732F,3,4,7,0.5,7.333333,0,0,0.016113
744,7AB3748D,0,1,1,1,0,0,0,0
745,7702DB62,0,4,4,0.833333,0,0,0,0
746,7BA7651E,0,4,4,0.833333,0,0,0.0045,0
747,81030DE9,1,0,1,0,0,0,0,0.003857
748,7CE1BADB,2,0,2,0,0,0,0,0.01812
749,7BB1B99D,1,0,1,0,0,0,0,0.006128
750,7DD457BE,0,3,3,0.454545,0,0,0.101403,0
751,7E6F6F27,0,4,4,0.5,0,0,0.096089,0
752,85DA88F0,0,1,1,0.666667,0,0,0.077538,0
753,7F6611FC,0,1,1,0.33,0,0,0.002645,0
754,79B14C5E,0,6,6,0.608696,0,0,0,0
755,7F821DC0,1,0,1,0,0,0,0,0.009721
756,7E983A0C,1,4,5,0.7,5,0.008437,0.050864,0.003857
757,7D600B10,0,4,4,0.571429,0,0,0,0
758,7B6C8AE3,1,0,1,0,0,0,0,0.003857
759,80EB54A5,0,4,4,0.636364,0,0,0.013272,0
760,76A077F2,2,2,4,1,4,0,0,0.009985
761,3275ED7F,2,0,2,0,0,0,0,0.007714
762,7FFC7135,1,0,1,0,0,0.00001,0,0.003857
763,7C5E48DE,15,2,17,0.555556,104.825,0.016482,0.006408,0.195369
764,7DA97544,0,1,1,0.666667,0,0,0,0
765,761E3DE2,2,0,2,0,0,0,0,0.007714
766,75D7A154,1,1,2,0.416667,0,0.000772,0.000461,0.003857
767,5AD8BD1A,0,2,2,0.583333,0,0,0.008163,0
768,7BD0617B,5,1,6,1,5.5,0,0,0.042495
769,778C8940,3,0,3,0,0,0,0,0.025858
770,7C8220ED,0,1,1,1,0,0,0,0
771,7D08A852,3,3,6,0.6,6.816667,0.003128,0.007298,0.011571
772,76507AC9,0,1,1,1,0,0,0,0
773,7611331A,0,2,2,1,0,0,0,0
774,7EB99806,0,5,5,0.666667,0,0,0.090112,0
775,7DC50E47,1,0,1,0,0,0,0,0.00906
776,7D57DCA6,1,2,3,1,2,0,0,0.003857
777,75831E0D,0,3,3,0.5,0,0,0.086116,0
778,794CB0BF,0,1,1,1,0,0,0,0
779,75888756,2,0,2,0,0,0.003462,0,0.01812
780,817519B9,1,0,1,0,0,0,0,0.003857
781,8044BC9F,0,5,5,0.857143,0,0,0,0
782,7A4D1D77,1,0,1,0,0,0,0,0.003857
783,76162C77,0,3,3,0.372549,0,0,0.005606,0
784,799AC58F,2,2,4,1,3,0,0,0.007714
785,222C3731,0,1,1,0.333333,0,0,0.00113,0
786,7C75D55B,0,1,1,0.666667,0,0,0.077538,0
787,80938687,0,4,4,0.377778,0,0,0.011742,0
788,79F6BC4C,0,2,2,0.5,0,0,0.081986,0
789,78A8BB5F,2,0,2,0,0,0.008521,0,0.01671
790,772079F6,1,0,1,0,0,0,0,0.003857
791,79A8ADD2,0,24,24,0.6125,0,0,0.204933,0
792,7A4DA4CA,2,0,2,0,0,0,0,0.007714
793,7DF369DB,0,3,3,0.636364,0,0,0.09135,0
794,79367EB6,2,1,3,1,2,0,0,0.009985
795,77CB7A1E,0,8,8,0.440678,0,0,0.067586,0
796,7C5F4DDD,1,1,2,1,1,0.000011,0,0.003857
797,78D0CED0,0,1,1,1,0,0,0,0
798,0ADCBF1F,0,3,3,0.364583,0,0,0.009247,0
799,772F7289,11,2,13,0.75,21.166667,0.083958,0.010258,0.059646
800,7F0745BF,3,2,5,1,10.5,0.000153,0.008427,0.018384
801,7B856E91,1,0,1,0,0,0,0,0.003857
802,77AD65CC,4,0,4,0,0,0.018476,0,0.022241
803,795F12BD,1,2,3,0.5,1,0.01188,0.079115,0.003857
804,7A9DBFC1,0,2,2,1,0,0,0,0
805,7B04A913,0,1,1,0.5,0,0,0.008782,0
806,79FFD8BE,0,11,11,0.428571,0,0,0.025331,0
807,7FCA2F58,0,1,1,1,0,0,0,0
808,76B5BA33,1,2,3,0.545455,0,0.000582,0.006232,0.006128
809,7DB6783C,1,0,1,0,0,0,0,0.003857
810,7C06A901,1,0,1,0,0,0,0,0.003857
811,76771A1D,18,7,25,0.545455,223.336111,0.023466,0.012194,0.209651
812,7F89B64E,6,1,7,0.461538,44.5,0,0,0.05914
813,777D15CE,0,2,2,1,0,0,0,0
